{"0xce246eea10988c495b4a90a905ee9237a0f91543":0.02482503,"0xc02aaa39b223fe8d0a0e5c4f27ead9083c756cc2":2289.05,"0xd6123271f980d966b00ca4fca6c2c021f05e2e73":0.203363,"0xc0c293ce456ff0ed870add98a0828dd4d2903dbf":0.672075,"0x81f8f0bb1cb2a06649e51913a151f0e7ef6fa321":3.41,"0x695bd8b642342d792a34392bea1461b98895300b":"1.030","0x30d20208d987713f46dfd34ef128bb16c404d10f":1.14,"0xa0b86991c6218b36c1d19d4a2e9eb0ce3606eb48":1.001,"0xdbdb4d16eda451d0503b854cf79d55697f90c8df":27.58,"0x6f80310ca7f2c654691d1383149fa1a57d8ab1f8":0.066335,"0xd33526068d116ce69f19a9ee46f0bd304f21a51f":28.23,"0x8290333cef9e6d528dd5618fb97a76f268f3edd4":0.02503894,"0x888888435fde8e7d4c54cab67f206e4199454c60":0.073559,"0x43d4a3cd90ddd2f8f4f693170c9c8098163502ad":0.01156068,"0x41d5d79431a913c4ae7d69a668ecdfe5ff9dfb68":35.9,"0xef3a930e1ffffacd2fc13434ac81bd278b0ecc8d":0.371947,"0xc55126051b22ebb829d00368f4b12bde432de5da":234.76}