{"0x6f80310ca7f2c654691d1383149fa1a57d8ab1f8":0.04113193,"0xa0b86991c6218b36c1d19d4a2e9eb0ce3606eb48":1,"0x865377367054516e17014ccded1e7d814edc9ce4":0.991005,"0x8290333cef9e6d528dd5618fb97a76f268f3edd4":0.0197376,"0xc0c293ce456ff0ed870add98a0828dd4d2903dbf":1.021,"0xd6123271f980d966b00ca4fca6c2c021f05e2e73":0.121956,"0xef3a930e1ffffacd2fc13434ac81bd278b0ecc8d":0.243016,"0x30d20208d987713f46dfd34ef128bb16c404d10f":0.673073,"0xdbdb4d16eda451d0503b854cf79d55697f90c8df":11.01,"0x41d5d79431a913c4ae7d69a668ecdfe5ff9dfb68":33.56,"0x888888435fde8e7d4c54cab67f206e4199454c60":0.0401059,"0xba3335588d9403515223f109edc4eb7269a9ab5d":0.00449051,"0xba100000625a3754423978a60c9317c58a424e3d":3.6,"0xd33526068d116ce69f19a9ee46f0bd304f21a51f":24.96,"0x0f2d719407fdbeff09d87557abb7232601fd9f29":0.440982}