{"0xc0c293ce456ff0ed870add98a0828dd4d2903dbf":0.632505,"0x888888435fde8e7d4c54cab67f206e4199454c60":0.060328,"0x695bd8b642342d792a34392bea1461b98895300b":"0.3678","0xd33526068d116ce69f19a9ee46f0bd304f21a51f":19.66,"0x8290333cef9e6d528dd5618fb97a76f268f3edd4":0.04249685,"0xa0b86991c6218b36c1d19d4a2e9eb0ce3606eb48":0.99931,"0xc55126051b22ebb829d00368f4b12bde432de5da":187.47,"0xdbdb4d16eda451d0503b854cf79d55697f90c8df":23.18,"0x30d20208d987713f46dfd34ef128bb16c404d10f":0.600844,"0xd6123271f980d966b00ca4fca6c2c021f05e2e73":0.173226,"0xce246eea10988c495b4a90a905ee9237a0f91543":0.073044,"0x6c3ea9036406852006290770bedfcaba0e23a0e8":0.998047}