{"0xa0b86991c6218b36c1d19d4a2e9eb0ce3606eb48":1,"0xd33526068d116ce69f19a9ee46f0bd304f21a51f":5.78,"0x3432b6a60d23ca0dfca7761b7ab56459d9c964d0":2.66,"0x30d20208d987713f46dfd34ef128bb16c404d10f":0.516668,"0xc0c293ce456ff0ed870add98a0828dd4d2903dbf":0.255788}