{"0xa0b86991c6218b36c1d19d4a2e9eb0ce3606eb48":0.999804,"0xd33526068d116ce69f19a9ee46f0bd304f21a51f":3.53,"0xc0c293ce456ff0ed870add98a0828dd4d2903dbf":0.079948}