{"0x0f2d719407fdbeff09d87557abb7232601fd9f29":0.328637,"0xa0b86991c6218b36c1d19d4a2e9eb0ce3606eb48":0.999855,"0x81f8f0bb1cb2a06649e51913a151f0e7ef6fa321":1.8,"0x6f80310ca7f2c654691d1383149fa1a57d8ab1f8":0.02609377,"0x8290333cef9e6d528dd5618fb97a76f268f3edd4":0.01850236,"0x888888435fde8e7d4c54cab67f206e4199454c60":0.03220735,"0xc0c293ce456ff0ed870add98a0828dd4d2903dbf":0.854173,"0xd33526068d116ce69f19a9ee46f0bd304f21a51f":22.49,"0x43d4a3cd90ddd2f8f4f693170c9c8098163502ad":0.01025372,"0x41d5d79431a913c4ae7d69a668ecdfe5ff9dfb68":27.24,"0xef3a930e1ffffacd2fc13434ac81bd278b0ecc8d":0.254692,"0x808507121b80c02388fad14726482e061b8da827":0.607274,"0xdbdb4d16eda451d0503b854cf79d55697f90c8df":12.44}