{"0xc0c293ce456ff0ed870add98a0828dd4d2903dbf":0.994173,"0xa0b86991c6218b36c1d19d4a2e9eb0ce3606eb48":0.999766,"0xdbdb4d16eda451d0503b854cf79d55697f90c8df":15.69,"0x43d4a3cd90ddd2f8f4f693170c9c8098163502ad":0.01060178,"0x81f8f0bb1cb2a06649e51913a151f0e7ef6fa321":2.48,"0x30d20208d987713f46dfd34ef128bb16c404d10f":0.795527,"0x0f2d719407fdbeff09d87557abb7232601fd9f29":0.405755,"0x6f80310ca7f2c654691d1383149fa1a57d8ab1f8":0.074355,"0xd6123271f980d966b00ca4fca6c2c021f05e2e73":0.154101,"0xef3a930e1ffffacd2fc13434ac81bd278b0ecc8d":0.332284,"0x888888435fde8e7d4c54cab67f206e4199454c60":0.113646,"0xd33526068d116ce69f19a9ee46f0bd304f21a51f":29.22,"0x8290333cef9e6d528dd5618fb97a76f268f3edd4":0.02553186,"0x41d5d79431a913c4ae7d69a668ecdfe5ff9dfb68":32.05,"0x808507121b80c02388fad14726482e061b8da827":1.067}