{"0xc02aaa39b223fe8d0a0e5c4f27ead9083c756cc2":3477.32,"0xa0b86991c6218b36c1d19d4a2e9eb0ce3606eb48":0.999936,"0x30d20208d987713f46dfd34ef128bb16c404d10f":0.633168,"0x888888435fde8e7d4c54cab67f206e4199454c60":0.03141472,"0xc0c293ce456ff0ed870add98a0828dd4d2903dbf":0.720152,"0xd6123271f980d966b00ca4fca6c2c021f05e2e73":0.139442,"0xc55126051b22ebb829d00368f4b12bde432de5da":381.72,"0xce246eea10988c495b4a90a905ee9237a0f91543":0.064852,"0xdbdb4d16eda451d0503b854cf79d55697f90c8df":17.13,"0xd33526068d116ce69f19a9ee46f0bd304f21a51f":17.98,"0x8207c1ffc5b6804f6024322ccf34f29c3541ae26":0.099051}