{"0x7d1afa7b718fb893db30a3abc0cfc608aacfebb0":0.896312,"0xa0b86991c6218b36c1d19d4a2e9eb0ce3606eb48":0.998804,"0x695bd8b642342d792a34392bea1461b98895300b":"1.17","0x41d5d79431a913c4ae7d69a668ecdfe5ff9dfb68":40.47,"0xc0c293ce456ff0ed870add98a0828dd4d2903dbf":0.74203,"0x8290333cef9e6d528dd5618fb97a76f268f3edd4":0.03146279,"0x888888435fde8e7d4c54cab67f206e4199454c60":0.051485,"0x81f8f0bb1cb2a06649e51913a151f0e7ef6fa321":3.68,"0x6f80310ca7f2c654691d1383149fa1a57d8ab1f8":0.073787,"0xdbdb4d16eda451d0503b854cf79d55697f90c8df":28.34,"0xef3a930e1ffffacd2fc13434ac81bd278b0ecc8d":0.442791,"0xd33526068d116ce69f19a9ee46f0bd304f21a51f":28.84,"0xd6123271f980d966b00ca4fca6c2c021f05e2e73":0.242656}