{"0xa0b86991c6218b36c1d19d4a2e9eb0ce3606eb48":0.999993,"0xd33526068d116ce69f19a9ee46f0bd304f21a51f":4.43,"0x3432b6a60d23ca0dfca7761b7ab56459d9c964d0":2.47,"0xc0c293ce456ff0ed870add98a0828dd4d2903dbf":0.194624,"0x30d20208d987713f46dfd34ef128bb16c404d10f":0.548289,"0xdbdb4d16eda451d0503b854cf79d55697f90c8df":9.47}