{"0xa0b86991c6218b36c1d19d4a2e9eb0ce3606eb48":0.998623,"0xd33526068d116ce69f19a9ee46f0bd304f21a51f":18.85,"0x8290333cef9e6d528dd5618fb97a76f268f3edd4":0.03838094,"0xc02aaa39b223fe8d0a0e5c4f27ead9083c756cc2":3607.53,"0xdbdb4d16eda451d0503b854cf79d55697f90c8df":21.54,"0xc0c293ce456ff0ed870add98a0828dd4d2903dbf":0.729542,"0x30d20208d987713f46dfd34ef128bb16c404d10f":0.687322,"0x888888435fde8e7d4c54cab67f206e4199454c60":0.04854421,"0xc55126051b22ebb829d00368f4b12bde432de5da":237.47,"0xce246eea10988c495b4a90a905ee9237a0f91543":0.118913}