{"0xa0b86991c6218b36c1d19d4a2e9eb0ce3606eb48":0.9999,"0xd33526068d116ce69f19a9ee46f0bd304f21a51f":5.35,"0x30d20208d987713f46dfd34ef128bb16c404d10f":0.472921,"0xc0c293ce456ff0ed870add98a0828dd4d2903dbf":0.168983,"0x3f80b1c54ae920be41a77f8b902259d48cf24ccf":0.108364}