{"0xc0c293ce456ff0ed870add98a0828dd4d2903dbf":0.805878,"0xa0b86991c6218b36c1d19d4a2e9eb0ce3606eb48":0.998551,"0x695bd8b642342d792a34392bea1461b98895300b":"0.7419","0x30d20208d987713f46dfd34ef128bb16c404d10f":1.011,"0xdbdb4d16eda451d0503b854cf79d55697f90c8df":33,"0xd33526068d116ce69f19a9ee46f0bd304f21a51f":31.02,"0x8290333cef9e6d528dd5618fb97a76f268f3edd4":0.061536,"0x41d5d79431a913c4ae7d69a668ecdfe5ff9dfb68":57.53,"0x888888435fde8e7d4c54cab67f206e4199454c60":0.076331,"0xc02aaa39b223fe8d0a0e5c4f27ead9083c756cc2":3479.5,"0xc55126051b22ebb829d00368f4b12bde432de5da":291.64,"0xd6123271f980d966b00ca4fca6c2c021f05e2e73":0.286907}