{"0x695bd8b642342d792a34392bea1461b98895300b":"0.9638","0x30d20208d987713f46dfd34ef128bb16c404d10f":1.049,"0xa0b86991c6218b36c1d19d4a2e9eb0ce3606eb48":1.002,"0xc55126051b22ebb829d00368f4b12bde432de5da":323.68,"0xd33526068d116ce69f19a9ee46f0bd304f21a51f":28.68,"0xdbdb4d16eda451d0503b854cf79d55697f90c8df":32.48,"0xc0c293ce456ff0ed870add98a0828dd4d2903dbf":0.775369,"0x8290333cef9e6d528dd5618fb97a76f268f3edd4":0.04392745,"0x41d5d79431a913c4ae7d69a668ecdfe5ff9dfb68":60.6,"0xd6123271f980d966b00ca4fca6c2c021f05e2e73":0.288221,"0x888888435fde8e7d4c54cab67f206e4199454c60":0.101154,"0xc02aaa39b223fe8d0a0e5c4f27ead9083c756cc2":3422.73}