{"0xc0c293ce456ff0ed870add98a0828dd4d2903dbf":0.660297,"0xa0b86991c6218b36c1d19d4a2e9eb0ce3606eb48":1,"0xd33526068d116ce69f19a9ee46f0bd304f21a51f":21.41,"0x6c3ea9036406852006290770bedfcaba0e23a0e8":1.001,"0xdbdb4d16eda451d0503b854cf79d55697f90c8df":25.23,"0x8290333cef9e6d528dd5618fb97a76f268f3edd4":0.05319,"0xc55126051b22ebb829d00368f4b12bde432de5da":236.38,"0x30d20208d987713f46dfd34ef128bb16c404d10f":0.726013}