{"0x695bd8b642342d792a34392bea1461b98895300b":"0.9888","0x6f80310ca7f2c654691d1383149fa1a57d8ab1f8":0.053321,"0xa0b86991c6218b36c1d19d4a2e9eb0ce3606eb48":1.001,"0x8290333cef9e6d528dd5618fb97a76f268f3edd4":0.02313999,"0xef3a930e1ffffacd2fc13434ac81bd278b0ecc8d":0.418715,"0x6b175474e89094c44da98b954eedeac495271d0f":0.999354,"0xc0c293ce456ff0ed870add98a0828dd4d2903dbf":0.686863,"0x30d20208d987713f46dfd34ef128bb16c404d10f":0.960182,"0x81f8f0bb1cb2a06649e51913a151f0e7ef6fa321":3.14,"0xd6123271f980d966b00ca4fca6c2c021f05e2e73":0.183114,"0xd33526068d116ce69f19a9ee46f0bd304f21a51f":28.98,"0xce246eea10988c495b4a90a905ee9237a0f91543":0.02405801,"0xdbdb4d16eda451d0503b854cf79d55697f90c8df":23.06,"0x888888435fde8e7d4c54cab67f206e4199454c60":0.069062,"0x43d4a3cd90ddd2f8f4f693170c9c8098163502ad":0.01124333,"0x41d5d79431a913c4ae7d69a668ecdfe5ff9dfb68":32.4,"0x3432b6a60d23ca0dfca7761b7ab56459d9c964d0":9.22,"0xc55126051b22ebb829d00368f4b12bde432de5da":287.31}