{"0xa0b86991c6218b36c1d19d4a2e9eb0ce3606eb48":0.999763,"0xc02aaa39b223fe8d0a0e5c4f27ead9083c756cc2":2287.22,"0x3432b6a60d23ca0dfca7761b7ab56459d9c964d0":1.78,"0xba100000625a3754423978a60c9317c58a424e3d":1.76,"0xdbdb4d16eda451d0503b854cf79d55697f90c8df":13.08,"0x30d20208d987713f46dfd34ef128bb16c404d10f":0.450992,"0xc0c293ce456ff0ed870add98a0828dd4d2903dbf":0.4205,"0xd33526068d116ce69f19a9ee46f0bd304f21a51f":9.44,"0x8207c1ffc5b6804f6024322ccf34f29c3541ae26":0.085151,"0x888888435fde8e7d4c54cab67f206e4199454c60":0.02680957}