{"0xa0b86991c6218b36c1d19d4a2e9eb0ce3606eb48":1.002,"0x30d20208d987713f46dfd34ef128bb16c404d10f":0.331946,"0xc0c293ce456ff0ed870add98a0828dd4d2903dbf":0.304928,"0xdbdb4d16eda451d0503b854cf79d55697f90c8df":14.59,"0x888888435fde8e7d4c54cab67f206e4199454c60":0.02852315,"0xc02aaa39b223fe8d0a0e5c4f27ead9083c756cc2":2606.55,"0x3432b6a60d23ca0dfca7761b7ab56459d9c964d0":1.93,"0x8207c1ffc5b6804f6024322ccf34f29c3541ae26":0.082396}