{"0xce246eea10988c495b4a90a905ee9237a0f91543":0.04242283,"0x695bd8b642342d792a34392bea1461b98895300b":"0.7601","0xda47862a83dac0c112ba89c6abc2159b95afd71c":0.751968,"0x41d5d79431a913c4ae7d69a668ecdfe5ff9dfb68":32.51,"0xef3a930e1ffffacd2fc13434ac81bd278b0ecc8d":0.446618,"0xa0b86991c6218b36c1d19d4a2e9eb0ce3606eb48":1,"0xc0c293ce456ff0ed870add98a0828dd4d2903dbf":0.785309,"0x30d20208d987713f46dfd34ef128bb16c404d10f":0.936813,"0xdbdb4d16eda451d0503b854cf79d55697f90c8df":28.18,"0x8290333cef9e6d528dd5618fb97a76f268f3edd4":0.03006616,"0xd33526068d116ce69f19a9ee46f0bd304f21a51f":29.86,"0x888888435fde8e7d4c54cab67f206e4199454c60":0.054073,"0xd6123271f980d966b00ca4fca6c2c021f05e2e73":0.21643}