{"0xc02aaa39b223fe8d0a0e5c4f27ead9083c756cc2":3364.66,"0xa0b86991c6218b36c1d19d4a2e9eb0ce3606eb48":0.998161,"0x30d20208d987713f46dfd34ef128bb16c404d10f":0.952458,"0xd33526068d116ce69f19a9ee46f0bd304f21a51f":11.74,"0xc0c293ce456ff0ed870add98a0828dd4d2903dbf":0.395188,"0x888888435fde8e7d4c54cab67f206e4199454c60":0.02383615,"0x8207c1ffc5b6804f6024322ccf34f29c3541ae26":0.108679}