{"0xa0b86991c6218b36c1d19d4a2e9eb0ce3606eb48":1.001,"0x6b175474e89094c44da98b954eedeac495271d0f":0.999953,"0x0f2d719407fdbeff09d87557abb7232601fd9f29":0.317345,"0x81f8f0bb1cb2a06649e51913a151f0e7ef6fa321":1.75,"0xef3a930e1ffffacd2fc13434ac81bd278b0ecc8d":0.282979,"0xc0c293ce456ff0ed870add98a0828dd4d2903dbf":0.832376,"0x888888435fde8e7d4c54cab67f206e4199454c60":0.053623,"0x43d4a3cd90ddd2f8f4f693170c9c8098163502ad":0.00998551,"0x30d20208d987713f46dfd34ef128bb16c404d10f":0.574868,"0x6f80310ca7f2c654691d1383149fa1a57d8ab1f8":0.056137,"0x8290333cef9e6d528dd5618fb97a76f268f3edd4":0.02011273,"0xd33526068d116ce69f19a9ee46f0bd304f21a51f":22.09,"0xdbdb4d16eda451d0503b854cf79d55697f90c8df":12.49,"0x41d5d79431a913c4ae7d69a668ecdfe5ff9dfb68":27.05}