{"0xef3a930e1ffffacd2fc13434ac81bd278b0ecc8d":0.271032,"0xc02aaa39b223fe8d0a0e5c4f27ead9083c756cc2":1850.78,"0x30d20208d987713f46dfd34ef128bb16c404d10f":0.798761,"0x81f8f0bb1cb2a06649e51913a151f0e7ef6fa321":2.86,"0xa0b86991c6218b36c1d19d4a2e9eb0ce3606eb48":0.999369,"0xe60779cc1b2c1d0580611c526a8df0e3f870ec48":0.109165,"0xc0c293ce456ff0ed870add98a0828dd4d2903dbf":1.45,"0x41d5d79431a913c4ae7d69a668ecdfe5ff9dfb68":40.18,"0x888888435fde8e7d4c54cab67f206e4199454c60":0.04850188,"0x8290333cef9e6d528dd5618fb97a76f268f3edd4":0.02451617,"0x0f2d719407fdbeff09d87557abb7232601fd9f29":0.652122,"0x6f80310ca7f2c654691d1383149fa1a57d8ab1f8":0.04734089,"0xba3335588d9403515223f109edc4eb7269a9ab5d":0.00485865,"0xd33526068d116ce69f19a9ee46f0bd304f21a51f":29.77,"0x44108f0223a3c3028f5fe7aec7f9bb2e66bef82f":0.04823707,"0x808507121b80c02388fad14726482e061b8da827":0.691932}