{"0xa0b86991c6218b36c1d19d4a2e9eb0ce3606eb48":1,"0xc0c293ce456ff0ed870add98a0828dd4d2903dbf":0.549617,"0xd6123271f980d966b00ca4fca6c2c021f05e2e73":0.114805,"0xc02aaa39b223fe8d0a0e5c4f27ead9083c756cc2":2647.98,"0xd33526068d116ce69f19a9ee46f0bd304f21a51f":11.52,"0x888888435fde8e7d4c54cab67f206e4199454c60":0.02558326,"0x30d20208d987713f46dfd34ef128bb16c404d10f":0.530096,"0x8207c1ffc5b6804f6024322ccf34f29c3541ae26":0.079836}